"Id","Pregunta","Opcion a","Opcion b","Opcion c","Respuestas"
1,"¿Cuál es el concepto principal de la programación orientada a objetos?"," Herencia"," Polimorfismo","Encapsulamiento","Encapsulamiento"
2,"¿Qué palabra clave se utiliza para definir una clase en Java?'","class"," def","interface","class"
3,"¿Cuál es el tipo de dato utilizado para representar números enteros en Java?"," int","float","boolean","int"
4,"¿Qué significa JVM en el contexto de Java?","Java Virtual Machine","Java Version Manager","Java Virtual Method","Java Virtual Machine"
5,"¿Cuál es una de las interfaces principales en Java para implementar hilos?","Runnable","Serializable","Comparable","Runnable"
6,"¿Cuál es la sintaxis correcta para declarar una variable en JavaScript?","var x","variable x","let x","let x"
7,"¿Qué método se utiliza para agregar un elemento al final de un arreglo en JavaScript?","push()"," add()","append()","push()"
8,"¿Cuál es el operador utilizado para concatenar cadenas en JavaScript?","+","*","/","+"
9,"¿Cuál de los siguientes es un marco de trabajo popular de JavaScript?","React","Django","Angular","React"
10,"¿Cuál de los siguientes es un tipo de base de datos relacional?","MySQL","MongoDB","Redis","MySQL"
